x0,x1,x2,x3,x4,x5,f0_HF,f0_LF,f1_HF,f1_LF
0.23517617275998884,0.4002895123805973,0.029782558392485444,0.8893863511337089,0.7468013148545013,0.46705389769574246,0.23517617275998884,0.3881409382079911,5.550017026743382,4.673329629682009
0.0332077569873603,0.5325690220377644,0.4219857655737768,0.5070858032035043,0.3720122405044419,0.008572985954976542,0.0332077569873603,0.22656620558988827,4.315750967509525,3.6756992692413233
0.5693803459308289,0.17172095704906762,0.053593474910711224,0.5207671425495263,0.2086356273068521,0.8169098402670579,0.5693803459308289,0.655504276744663,4.1115356229128865,3.4923484687319544
0.3078666788642886,0.15325528611727654,0.9293242009826335,0.6434294131672821,0.9647136681362269,0.4489301975480738,0.3078666788642886,0.44629334309143087,6.637125009005932,5.553034932632311
0.19496294758547844,0.8262120082854635,0.6720828268894868,0.10781083451189798,0.5496693437995228,0.9658331624275158,0.19496294758547844,0.3559703580683828,6.6131519827659355,5.5354285359319535
0.44084361773769076,0.9170450088292694,0.785230008594463,0.9724359935313716,0.4694053378978937,0.623806882199125,0.44084361773769076,0.5526748941901527,7.757289243665121,6.4582032643240534
0.2879031379781356,0.23548447574704998,0.5207994480776935,0.8115577307134814,0.5126432379065161,0.9482954170796536,0.2879031379781356,0.4303225103825085,6.43895726517722,5.3928047925972304
0.42105813914074175,0.7613070381836871,0.8427517923881097,0.24034261287876915,0.001443547974905941,0.40049053449370475,0.42105813914074175,0.5368465113125934,5.008251109719007,4.22882247463913
0.9634800185995017,0.6578772468966002,0.9418889360835114,0.7049153252113268,0.3285821727423985,0.24896363605143637,0.9634800185995017,0.9707840148796014,6.037994243211246,5.0384392248805066
0.9241663074278514,0.022158056645833372,0.48867740920698377,0.31972011726293925,0.5249598119513668,0.7628712355554462,0.9241663074278514,0.9393330459422813,4.635646041061237,3.8948213215613685
0.551630369753504,0.8643893030150617,0.15157574248964062,0.04187540404013062,0.18432224132501873,0.48392647867603805,0.551630369753504,0.6413042958028032,4.032867738901943,3.4293171992297897
0.8855568947506797,0.5642951148062005,0.2128926192499918,0.5619687113274734,0.04696734385511823,0.31749669219057364,0.8855568947506797,0.9084455158005438,3.8736709889898058,3.2725282129683135
0.7077713469952072,0.8159970611740035,0.31248068791836225,0.9129923369113913,0.8440581434122698,0.6419227111430856,0.7077713469952072,0.7662170775961659,7.281251097226458,6.063504137102092
0.9482992049204949,0.3208113838191574,0.12924488425523195,0.784189415360013,0.6069006800567788,0.6797423687473948,0.9482992049204949,0.9586393639363959,5.375206004535669,4.4982343521527355
0.781031582887053,0.9560859946036713,0.6973962846638037,0.4386265568356105,0.38205604440797,0.7988950686947245,0.781031582887053,0.8248252663096425,6.802991673580899,5.671664598796117
0.35660640219663897,0.7590593621155488,0.7358468644948296,0.8237324437120227,0.07652422263481598,0.15206991365612899,0.35660640219663897,0.4852851217573112,5.5622495456757,4.680426705158712
0.9174910894138594,0.31012866003760925,0.7468219474345684,0.8663230806865704,0.825979408639145,0.5201846289765483,0.9174910894138594,0.9339928715310875,6.762723363507568,5.631891517080008
0.460732639641756,0.9368445249501364,0.44109201056943426,0.2100015970113035,0.9447266473721959,0.5524100586599676,0.460732639641756,0.5685861117134048,6.5207418814549145,5.454882732013439
0.20276301773178323,0.5065728408940451,0.6150972498119147,0.9852644912078032,0.7154724242005059,0.20711766151209782,0.20276301773178323,0.3622104141854266,6.446773423673926,5.400522498333761
0.7622003112220482,0.24201074443672094,0.5960511742569264,0.23836432811447045,0.989245619725886,0.36777215456864093,0.7622003112220482,0.8097602489776385,5.2722200928398335,4.426646688511292
0.7541760287537248,0.49370550706265043,0.9111949630508758,0.01801086484068397,0.49509616338976575,0.6900491681088153,0.7541760287537248,0.8033408230029799,5.594619431765335,4.689804038775958
0.4904417383684786,0.7155278838631318,0.011979995797306584,0.41284007957794205,0.7226898890460335,0.12175186328472576,0.4904417383684786,0.5923533906947829,4.520018592143947,3.8292156860798965
0.3311637084265757,0.6895136434380031,0.5778889402059,0.020998194252667923,0.5979921582093715,0.021702584808429105,0.3311637084265757,0.4649309667412606,4.40984138792858,3.7462931377595865
0.16533631235655094,0.39460826136393484,0.11202190167272368,0.06295513122028211,0.7601045385083475,0.4357886096658196,0.16533631235655094,0.33226904988524075,4.171318112511126,3.5572453669059914
0.005539308655949089,0.8510762365887509,0.6392054075913287,0.5814508528129728,0.7835372600546808,0.6099464791103691,0.005539308655949089,0.20443144692475929,7.2373849854424375,6.042280946197412
0.12040406253225565,0.20805185525828832,0.4798995733237505,0.2915263870492886,0.03187191781288198,0.7540111479720456,0.12040406253225565,0.2963232500258045,4.174179420377126,3.5602779575132293
0.9959251897968397,0.6703918977714242,0.2537330768573656,0.15870075503461634,0.6584559394855644,0.3853034411586527,0.9959251897968397,0.9967401518374719,4.622406399970657,3.877806773892962
0.06725032878354091,0.040797007284672816,0.3538564835112743,0.5516869370772197,0.6977305617071149,0.3258972126448366,0.06725032878354091,0.25380026302683273,4.544947897383199,3.861180574515233
0.3743528579101822,0.07314871741023846,0.862886038854827,0.19346731534050074,0.2477894129627381,0.23875553710220307,0.3743528579101822,0.4994822863281458,3.873032963869955,3.3086855938106345
0.6291917434918101,0.7967350574896579,0.08293857734504176,0.7282295125683663,0.2627537016931704,0.8537862291025796,0.6291917434918101,0.703353394793448,5.836944286188348,4.893356688064921
0.250364144209356,0.5899227133678564,0.8293859269344547,0.6187471687741254,0.11103656127982055,0.8969764392333152,0.250364144209356,0.4002913153674848,6.473255040214201,5.421268081247154
0.15102955371960952,0.9603494205029321,0.28613962710677054,0.45754605847509117,0.30954446922329487,0.5784758015864864,0.15102955371960952,0.32082364297568766,5.66167371032307,4.7650747021388
0.39975484026168134,0.2910383700037208,0.19076087675834824,0.16846976490611035,0.17947704297557965,0.26223166054338803,0.39975484026168134,0.5198038722093451,2.9116732897351723,2.524758200968751
0.6956549638927795,0.4487969700114617,0.37053137463881786,0.09868505211131523,0.15195769338450196,0.9047022999133675,0.6956549638927795,0.7565239711142235,4.448155615443305,3.7587471817726077
0.6008663607709177,0.08152953552731568,0.9693532609360683,0.49127958212525785,0.40368079492373216,0.7324110355448494,0.6008663607709177,0.6806930886167342,5.758832285566479,4.8311453457827955
0.8203912722302166,0.7384065240977775,0.22840165517002653,0.33186681822827585,0.8082015360288656,0.9883378433648138,0.8203912722302166,0.8563130177841733,6.46896580263587,5.397997818205915
0.6519239151465708,0.008832286146942852,0.4039004377652737,0.745262590922195,0.2812485766061239,0.19938437868995926,0.6519239151465708,0.7215391321172566,3.8419219566221914,3.266593056916149
0.8474413562736183,0.35788319885930103,0.7096654346359238,0.8468774972122496,0.12361639988023444,0.70664322264299,0.8474413562736183,0.8779530850188946,5.819541368988488,4.867590580610763
0.5020741077679899,0.632976704982979,0.9965140892646736,0.3994568729338719,0.6397549834393336,0.29229024682612925,0.5020741077679899,0.6016592862143919,6.289963063168061,5.266317593476708
0.10564102300052061,0.1880699663903124,0.8843790454060511,0.7723624958963035,0.22927370135358882,0.34524270591081885,0.10564102300052061,0.28451281840041653,5.352706126868358,4.5152311956872575
0.2675863637356153,0.43873877665307626,0.27239164200933663,0.9219575333897291,0.084574132737705,0.5052024316744251,0.2675863637356153,0.41406909098849226,4.9868389477279,4.216132644540743
0.8011446044318306,0.9822630701197881,0.5157563189629574,0.3432836323183443,0.35515695430523825,0.04914256255708843,0.8011446044318306,0.8409156835454645,4.914789465342487,4.132512113253723
0.5269312621367793,0.5468723156657977,0.7757809371112108,0.6399428860045385,0.9257992010978203,0.8765844091988313,0.5269312621367793,0.6215450097094235,7.7412611108417035,6.442985086354692
0.05818091899760198,0.47594595536567297,0.06904095599784131,0.47433538886491006,0.5670566987140208,0.9280723075812581,0.05818091899760198,0.2465447351980816,5.525399790799993,4.65543918247984
0.5803650983905907,0.8945919490234986,0.6546553482929992,0.6942889972295669,0.9057394402809178,0.11323472195022169,0.5803650983905907,0.6642920787124726,6.823508603945081,5.696651236714351
0.08120841261395305,0.3754598981077231,0.8198335757344125,0.12217672692431435,0.6654188623291398,0.5806082583736678,0.08120841261395305,0.26496673009116245,5.613120533195959,4.726370166421917
0.675100915322773,0.1320873784161526,0.1759640377231562,0.6739995222470484,0.890446777933155,0.1674546881239945,0.675100915322773,0.7400807322582186,4.574360902598725,3.8630789330376736
0.8760691016438178,0.26225425223080545,0.5537434571106544,0.2632138480901973,0.4342482029131108,0.07248982663959028,0.8760691016438178,0.9008552813150543,3.655602911638953,3.093835610690112
0.7390237372200654,0.6052616539826263,0.39775793228266465,0.958965379189882,0.4515120752761153,0.08304075536534505,0.7390237372200654,0.7912189897760524,5.394354282539512,4.5275514328813875
0.4059863523574543,0.10907497625403008,0.32458746681126055,0.3620071334641558,0.8776625235301885,0.8301491331267937,0.4059863523574543,0.5247890818859635,5.476332157029025,4.60924491601591
